topic,lang,title,period,views,project_views,per_million
English language,pl,Język angielski,2024-09,9611,192493223,49.929
English language,pl,Język angielski,2024-10,10234,208701948,49.0364
English language,pl,Język angielski,2024-11,11661,218936097,53.2621
English language,pl,Język angielski,2024-12,11498,219776867,52.3167
English language,pl,Język angielski,2025-01,12414,252131702,49.2362
English language,pl,Język angielski,2025-02,9932,211020679,47.0665
English language,pl,Język angielski,2025-03,11547,224233637,51.4954
English language,pl,Język angielski,2025-04,9133,199339583,45.8163
English language,pl,Język angielski,2025-05,8562,194249620,44.0773
English language,pl,Język angielski,2025-06,7352,170783829,43.0486
English language,pl,Język angielski,2025-07,7962,186739175,42.637
English language,pl,Język angielski,2025-08,8827,196910322,44.8275
English language,pl,Język angielski,2025-09,8458,189329148,44.6735
English language,pl,Język angielski,2025-10,10137,201290696,50.36
English language,pl,Język angielski,2025-11,8455,228294569,37.0355
English language,pl,Język angielski,2025-12,7850,190164557,41.28
English language,pl,Język angielski,2026-01,8902,204283824,43.5766
English language,pl,Język angielski,2026-02,7257,178016304,40.7659
English language,pl,Język angielski,2026-03,7886,178619982,44.1496
English language,pl,Język angielski,2026-04,7365,172037842,42.8103
English language,pl,Język angielski,2026-05,7429,179989593,41.2746
English language,pl,Język angielski,2026-06,7940,179578875,44.2146
English language,pl,Język angielski,2026-07,8244,179428492,45.9459
English language,pl,Język angielski,2026-08,7119,175873090,40.4781
English language,cs,Angličtina,2024-09,3855,62292789,61.8852
English language,cs,Angličtina,2024-10,4139,70881496,58.3932
English language,cs,Angličtina,2024-11,4058,68852170,58.9379
English language,cs,Angličtina,2024-12,3668,70360761,52.1313
English language,cs,Angličtina,2025-01,4834,83396601,57.964
English language,cs,Angličtina,2025-02,3972,69753016,56.9438
English language,cs,Angličtina,2025-03,4114,74887886,54.9355
English language,cs,Angličtina,2025-04,3402,67010206,50.7684
English language,cs,Angličtina,2025-05,4061,73630159,55.154
English language,cs,Angličtina,2025-06,2862,56271438,50.8606
English language,cs,Angličtina,2025-07,2524,61159851,41.2689
English language,cs,Angličtina,2025-08,2624,57515129,45.6228
English language,cs,Angličtina,2025-09,3017,57306454,52.6468
English language,cs,Angličtina,2025-10,3137,66546281,47.1401
English language,cs,Angličtina,2025-11,3066,72883460,42.0672
English language,cs,Angličtina,2025-12,2705,59967317,45.1079
English language,cs,Angličtina,2026-01,3179,67410000,47.1592
English language,cs,Angličtina,2026-02,3138,58306397,53.8191
English language,cs,Angličtina,2026-03,2954,58040192,50.8958
English language,cs,Angličtina,2026-04,2612,54688383,47.7615
English language,cs,Angličtina,2026-05,2940,59792880,49.1697
English language,cs,Angličtina,2026-06,2553,53683305,47.5567
English language,cs,Angličtina,2026-07,2339,53131065,44.0232
English language,cs,Angličtina,2026-08,2435,51467770,47.3112
English language,uk,Англійська мова,2024-09,11590,74509285,155.5511
English language,uk,Англійська мова,2024-10,12538,83014264,151.0343
English language,uk,Англійська мова,2024-11,12757,83835060,152.1678
English language,uk,Англійська мова,2024-12,11548,84431475,136.7736
English language,uk,Англійська мова,2025-01,12881,94111809,136.8691
English language,uk,Англійська мова,2025-02,10884,81951788,132.8098
English language,uk,Англійська мова,2025-03,11985,79609260,150.5478
English language,uk,Англійська мова,2025-04,10320,72146878,143.0415
English language,uk,Англійська мова,2025-05,8909,69040303,129.0406
English language,uk,Англійська мова,2025-06,6434,53652676,119.9195
English language,uk,Англійська мова,2025-07,6859,62209478,110.2565
English language,uk,Англійська мова,2025-08,7412,61801817,119.9317
English language,uk,Англійська мова,2025-09,8464,61256706,138.1726
English language,uk,Англійська мова,2025-10,7984,66044662,120.8879
English language,uk,Англійська мова,2025-11,7244,67137685,107.8977
English language,uk,Англійська мова,2025-12,7094,55497356,127.8259
English language,uk,Англійська мова,2026-01,6888,60471976,113.904
English language,uk,Англійська мова,2026-02,6186,51614348,119.8504
English language,uk,Англійська мова,2026-03,6646,55114806,120.5847
English language,uk,Англійська мова,2026-04,6165,53385280,115.4813
English language,uk,Англійська мова,2026-05,6957,55950057,124.343
English language,uk,Англійська мова,2026-06,5409,48312008,111.9597
English language,uk,Англійська мова,2026-07,5390,52999047,101.6999
English language,uk,Англійська мова,2026-08,5476,50720483,107.9643
English language,de,Englische Sprache,2024-09,23967,746521495,32.1049
English language,de,Englische Sprache,2024-10,25193,804199250,31.3268
English language,de,Englische Sprache,2024-11,26386,764932003,34.4946
English language,de,Englische Sprache,2024-12,26007,812305022,32.0163
English language,de,Englische Sprache,2025-01,30967,902194788,34.3241
English language,de,Englische Sprache,2025-02,23877,768465579,31.071
English language,de,Englische Sprache,2025-03,27856,806741813,34.529
English language,de,Englische Sprache,2025-04,26330,736284306,35.7606
English language,de,Englische Sprache,2025-05,26787,712160095,37.6137
English language,de,Englische Sprache,2025-06,23082,643354804,35.8776
English language,de,Englische Sprache,2025-07,22744,695348128,32.7088
English language,de,Englische Sprache,2025-08,22995,736793813,31.2095
English language,de,Englische Sprache,2025-09,24452,696111150,35.1266
English language,de,Englische Sprache,2025-10,25580,748632593,34.169
English language,de,Englische Sprache,2025-11,23704,733914764,32.298
English language,de,Englische Sprache,2025-12,23070,705194251,32.7144
English language,de,Englische Sprache,2026-01,25610,780199458,32.8249
English language,de,Englische Sprache,2026-02,21820,672194020,32.4609
English language,de,Englische Sprache,2026-03,23948,693410501,34.5365
English language,de,Englische Sprache,2026-04,23635,662879466,35.655
English language,de,Englische Sprache,2026-05,23683,702429083,33.7159
English language,de,Englische Sprache,2026-06,24277,682993791,35.545
English language,de,Englische Sprache,2026-07,21586,693723660,31.1161
English language,de,Englische Sprache,2026-08,20354,687413224,29.6096
English language,es,Idioma inglés,2024-09,44673,744845702,59.9762
English language,es,Idioma inglés,2024-10,48499,808890367,59.9574
English language,es,Idioma inglés,2024-11,38330,727894684,52.6587
English language,es,Idioma inglés,2024-12,32281,663313007,48.6663
English language,es,Idioma inglés,2025-01,37793,764320442,49.4465
English language,es,Idioma inglés,2025-02,43029,690775995,62.2908
English language,es,Idioma inglés,2025-03,42713,741966927,57.5673
English language,es,Idioma inglés,2025-04,32410,652504347,49.6702
English language,es,Idioma inglés,2025-05,36031,662035828,54.4245
English language,es,Idioma inglés,2025-06,27892,593982866,46.9576
English language,es,Idioma inglés,2025-07,29773,606751904,49.0695
English language,es,Idioma inglés,2025-08,26130,598455589,43.6624
English language,es,Idioma inglés,2025-09,30033,577761290,51.9817
English language,es,Idioma inglés,2025-10,31624,606733989,52.1217
English language,es,Idioma inglés,2025-11,27226,588079817,46.2964
English language,es,Idioma inglés,2025-12,23240,508726089,45.6827
English language,es,Idioma inglés,2026-01,26184,596404635,43.9031
English language,es,Idioma inglés,2026-02,24604,544123493,45.2177
English language,es,Idioma inglés,2026-03,24649,521759780,47.242
English language,es,Idioma inglés,2026-04,26954,513428595,52.498
English language,es,Idioma inglés,2026-05,25543,519845891,49.1357
English language,es,Idioma inglés,2026-06,24304,518358752,46.8864
English language,es,Idioma inglés,2026-07,24804,528878589,46.8992
English language,es,Idioma inglés,2026-08,22378,508871577,43.9757
English grammar,pl,Gramatyka języka angielskiego,2024-09,221,192493223,1.1481
English grammar,pl,Gramatyka języka angielskiego,2024-10,338,208701948,1.6195
English grammar,pl,Gramatyka języka angielskiego,2024-11,298,218936097,1.3611
English grammar,pl,Gramatyka języka angielskiego,2024-12,272,219776867,1.2376
English grammar,pl,Gramatyka języka angielskiego,2025-01,487,252131702,1.9315
English grammar,pl,Gramatyka języka angielskiego,2025-02,371,211020679,1.7581
English grammar,pl,Gramatyka języka angielskiego,2025-03,279,224233637,1.2442
English grammar,pl,Gramatyka języka angielskiego,2025-04,226,199339583,1.1337
English grammar,pl,Gramatyka języka angielskiego,2025-05,221,194249620,1.1377
English grammar,pl,Gramatyka języka angielskiego,2025-06,204,170783829,1.1945
English grammar,pl,Gramatyka języka angielskiego,2025-07,442,186739175,2.3669
English grammar,pl,Gramatyka języka angielskiego,2025-08,197,196910322,1.0005
English grammar,pl,Gramatyka języka angielskiego,2025-09,483,189329148,2.5511
English grammar,pl,Gramatyka języka angielskiego,2025-10,301,201290696,1.4953
English grammar,pl,Gramatyka języka angielskiego,2025-11,267,228294569,1.1695
English grammar,pl,Gramatyka języka angielskiego,2025-12,216,190164557,1.1359
English grammar,pl,Gramatyka języka angielskiego,2026-01,247,204283824,1.2091
English grammar,pl,Gramatyka języka angielskiego,2026-02,197,178016304,1.1066
English grammar,pl,Gramatyka języka angielskiego,2026-03,188,178619982,1.0525
English grammar,pl,Gramatyka języka angielskiego,2026-04,173,172037842,1.0056
English grammar,pl,Gramatyka języka angielskiego,2026-05,187,179989593,1.0389
English grammar,pl,Gramatyka języka angielskiego,2026-06,216,179578875,1.2028
English grammar,pl,Gramatyka języka angielskiego,2026-07,167,179428492,0.9307
English grammar,pl,Gramatyka języka angielskiego,2026-08,170,175873090,0.9666
English grammar,cs,Anglická gramatika,2024-09,716,62292789,11.4941
English grammar,cs,Anglická gramatika,2024-10,660,70881496,9.3113
English grammar,cs,Anglická gramatika,2024-11,574,68852170,8.3367
English grammar,cs,Anglická gramatika,2024-12,307,70360761,4.3632
English grammar,cs,Anglická gramatika,2025-01,703,83396601,8.4296
English grammar,cs,Anglická gramatika,2025-02,372,69753016,5.3331
English grammar,cs,Anglická gramatika,2025-03,367,74887886,4.9007
English grammar,cs,Anglická gramatika,2025-04,297,67010206,4.4322
English grammar,cs,Anglická gramatika,2025-05,303,73630159,4.1152
English grammar,cs,Anglická gramatika,2025-06,212,56271438,3.7675
English grammar,cs,Anglická gramatika,2025-07,91,61159851,1.4879
English grammar,cs,Anglická gramatika,2025-08,86,57515129,1.4953
English grammar,cs,Anglická gramatika,2025-09,168,57306454,2.9316
English grammar,cs,Anglická gramatika,2025-10,172,66546281,2.5847
English grammar,cs,Anglická gramatika,2025-11,157,72883460,2.1541
English grammar,cs,Anglická gramatika,2025-12,99,59967317,1.6509
English grammar,cs,Anglická gramatika,2026-01,140,67410000,2.0768
English grammar,cs,Anglická gramatika,2026-02,126,58306397,2.161
English grammar,cs,Anglická gramatika,2026-03,87,58040192,1.499
English grammar,cs,Anglická gramatika,2026-04,108,54688383,1.9748
English grammar,cs,Anglická gramatika,2026-05,114,59792880,1.9066
English grammar,cs,Anglická gramatika,2026-06,96,53683305,1.7883
English grammar,cs,Anglická gramatika,2026-07,52,53131065,0.9787
English grammar,cs,Anglická gramatika,2026-08,57,51467770,1.1075
English grammar,uk,Граматика англійської мови,2024-09,182,74509285,2.4426
English grammar,uk,Граматика англійської мови,2024-10,157,83014264,1.8912
English grammar,uk,Граматика англійської мови,2024-11,171,83835060,2.0397
English grammar,uk,Граматика англійської мови,2024-12,282,84431475,3.34
English grammar,uk,Граматика англійської мови,2025-01,385,94111809,4.0909
English grammar,uk,Граматика англійської мови,2025-02,285,81951788,3.4777
English grammar,uk,Граматика англійської мови,2025-03,219,79609260,2.7509
English grammar,uk,Граматика англійської мови,2025-04,176,72146878,2.4395
English grammar,uk,Граматика англійської мови,2025-05,133,69040303,1.9264
English grammar,uk,Граматика англійської мови,2025-06,44,53652676,0.8201
English grammar,uk,Граматика англійської мови,2025-07,53,62209478,0.852
English grammar,uk,Граматика англійської мови,2025-08,51,61801817,0.8252
English grammar,uk,Граматика англійської мови,2025-09,88,61256706,1.4366
English grammar,uk,Граматика англійської мови,2025-10,67,66044662,1.0145
English grammar,uk,Граматика англійської мови,2025-11,66,67137685,0.9831
English grammar,uk,Граматика англійської мови,2025-12,49,55497356,0.8829
English grammar,uk,Граматика англійської мови,2026-01,54,60471976,0.893
English grammar,uk,Граматика англійської мови,2026-02,62,51614348,1.2012
English grammar,uk,Граматика англійської мови,2026-03,46,55114806,0.8346
English grammar,uk,Граматика англійської мови,2026-04,36,53385280,0.6743
English grammar,uk,Граматика англійської мови,2026-05,48,55950057,0.8579
English grammar,uk,Граматика англійської мови,2026-06,55,48312008,1.1384
English grammar,uk,Граматика англійської мови,2026-07,58,52999047,1.0944
English grammar,uk,Граматика англійської мови,2026-08,73,50720483,1.4393
English grammar,de,Englische Grammatik,2024-09,854,746521495,1.144
English grammar,de,Englische Grammatik,2024-10,844,804199250,1.0495
English grammar,de,Englische Grammatik,2024-11,909,764932003,1.1883
English grammar,de,Englische Grammatik,2024-12,1140,812305022,1.4034
English grammar,de,Englische Grammatik,2025-01,1280,902194788,1.4188
English grammar,de,Englische Grammatik,2025-02,976,768465579,1.2701
English grammar,de,Englische Grammatik,2025-03,1003,806741813,1.2433
English grammar,de,Englische Grammatik,2025-04,656,736284306,0.891
English grammar,de,Englische Grammatik,2025-05,700,712160095,0.9829
English grammar,de,Englische Grammatik,2025-06,554,643354804,0.8611
English grammar,de,Englische Grammatik,2025-07,515,695348128,0.7406
English grammar,de,Englische Grammatik,2025-08,601,736793813,0.8157
English grammar,de,Englische Grammatik,2025-09,568,696111150,0.816
English grammar,de,Englische Grammatik,2025-10,666,748632593,0.8896
English grammar,de,Englische Grammatik,2025-11,648,733914764,0.8829
English grammar,de,Englische Grammatik,2025-12,582,705194251,0.8253
English grammar,de,Englische Grammatik,2026-01,623,780199458,0.7985
English grammar,de,Englische Grammatik,2026-02,523,672194020,0.778
English grammar,de,Englische Grammatik,2026-03,622,693410501,0.897
English grammar,de,Englische Grammatik,2026-04,546,662879466,0.8237
English grammar,de,Englische Grammatik,2026-05,546,702429083,0.7773
English grammar,de,Englische Grammatik,2026-06,575,682993791,0.8419
English grammar,de,Englische Grammatik,2026-07,398,693723660,0.5737
English grammar,de,Englische Grammatik,2026-08,447,687413224,0.6503
English grammar,es,Gramática del inglés,2024-09,2424,744845702,3.2544
English grammar,es,Gramática del inglés,2024-10,3461,808890367,4.2787
English grammar,es,Gramática del inglés,2024-11,2542,727894684,3.4923
English grammar,es,Gramática del inglés,2024-12,1595,663313007,2.4046
English grammar,es,Gramática del inglés,2025-01,2708,764320442,3.543
English grammar,es,Gramática del inglés,2025-02,2069,690775995,2.9952
English grammar,es,Gramática del inglés,2025-03,2062,741966927,2.7791
English grammar,es,Gramática del inglés,2025-04,1448,652504347,2.2191
English grammar,es,Gramática del inglés,2025-05,1181,662035828,1.7839
English grammar,es,Gramática del inglés,2025-06,1058,593982866,1.7812
English grammar,es,Gramática del inglés,2025-07,1065,606751904,1.7552
English grammar,es,Gramática del inglés,2025-08,1037,598455589,1.7328
English grammar,es,Gramática del inglés,2025-09,1108,577761290,1.9177
English grammar,es,Gramática del inglés,2025-10,1147,606733989,1.8904
English grammar,es,Gramática del inglés,2025-11,1042,588079817,1.7719
English grammar,es,Gramática del inglés,2025-12,625,508726089,1.2286
English grammar,es,Gramática del inglés,2026-01,846,596404635,1.4185
English grammar,es,Gramática del inglés,2026-02,742,544123493,1.3637
English grammar,es,Gramática del inglés,2026-03,601,521759780,1.1519
English grammar,es,Gramática del inglés,2026-04,437,513428595,0.8511
English grammar,es,Gramática del inglés,2026-05,501,519845891,0.9637
English grammar,es,Gramática del inglés,2026-06,427,518358752,0.8238
English grammar,es,Gramática del inglés,2026-07,455,528878589,0.8603
English grammar,es,Gramática del inglés,2026-08,485,508871577,0.9531
